name,usn,emaill
Leonardo Thorneloe,0241964903,lthorneloe0@webmd.com
Bobina Haslegrave,9118878725,bhaslegrave1@mashable.com
Brandea Aronovitz,6104948251,baronovitz2@phoca.cz
Brittany Girardi,4050861488,bgirardi3@time.com
Cariotta Evens,9437697779,cevens4@skype.com
Anderea Hadleigh,8751423847,ahadleigh5@nature.com
Far O'Growgane,8917092837,fogrowgane6@indiegogo.com
Harald Hernik,5709480967,hhernik7@symantec.com
Bryanty Grzes,2108511830,bgrzes8@marriott.com
Austina Dimitru,0319089479,adimitru9@disqus.com
Nola Esom,2826482955,nesoma@va.gov
Bettye Millom,0019201559,bmillomb@ucsd.edu
Marley Mudd,6571514257,mmuddc@scribd.com
Hayden Palley,6520046132,hpalleyd@admin.ch
Shellysheldon Kuhnert,1102699128,skuhnerte@cnn.com
Lorie Korfmann,1486353452,lkorfmannf@house.gov
Tiffany Pomfrey,6754025395,tpomfreyg@linkedin.com
Nomi Hartopp,6909214862,nhartopph@bbb.org
Merwin Cornew,8533236581,mcornewi@arizona.edu
Angelica Scarisbrick,7863384745,ascarisbrickj@state.tx.us
Philippe Valintine,2749265177,pvalintinek@npr.org
Cynthie Cursons,4955624839,ccursonsl@adobe.com
Olympie Spelwood,3368647741,ospelwoodm@walmart.com
Daron Martina,5729429207,dmartinan@networksolutions.com
Donovan Matei,8271987313,dmateio@purevolume.com
Ebba McElhargy,5019414484,emcelhargyp@devhub.com
Adele Pykerman,5879264998,apykermanq@vinaora.com
Annabela Toogood,6333641162,atoogoodr@hao123.com
Shanta Luna,7568392503,slunas@comcast.net
Tony Pierri,2417214563,tpierrit@list-manage.com
Lisetta Bernardez,8551823809,lbernardezu@loc.gov
Brita Sturdgess,3088349309,bsturdgessv@bandcamp.com
Royce Mougin,9610351115,rmouginw@geocities.jp
Kylie Meyrick,4872917111,kmeyrickx@japanpost.jp
Dorthy Symper,3043279301,dsympery@e-recht24.de
Kerianne Gusney,8508363303,kgusneyz@stanford.edu
Larisa Towne,8150019294,ltowne10@ebay.co.uk
Harold Massow,0895396998,hmassow11@smh.com.au
Lilllie Shoard,9100729558,lshoard12@slate.com
Rod Pettiford,5368275137,rpettiford13@microsoft.com
Mandie Yegorev,1104682427,myegorev14@yellowbook.com
Carlie Baulch,5941015623,cbaulch15@deliciousdays.com
Brandi O'Hanlon,9036511496,bohanlon16@hao123.com
Gunilla Tamas,5511122785,gtamas17@techcrunch.com
Hermina Krysztowczyk,7538394923,hkrysztowczyk18@is.gd
Paddy Blind,1903177901,pblind19@netvibes.com
Patty Lamshead,3075227412,plamshead1a@biblegateway.com
Devina Emeline,8797325171,demeline1b@accuweather.com
Antone Blues,9433947096,ablues1c@imageshack.us
Freddy Brunroth,6414644331,fbrunroth1d@lycos.com
Patti Salaman,8091762828,psalaman1e@liveinternet.ru
Remy Gadd,4938809567,rgadd1f@vinaora.com
Mommy Conkie,3263141651,mconkie1g@imgur.com
Dorella Sheircliffe,6058318483,dsheircliffe1h@salon.com
Daisie Heijne,5205970146,dheijne1i@squarespace.com
Rita Walbridge,0040521958,rwalbridge1j@icq.com
Hugibert Broggini,6345714801,hbroggini1k@webmd.com
Brigitte Fortesquieu,4696999440,bfortesquieu1l@csmonitor.com
Ransom Storton,0929046366,rstorton1m@printfriendly.com
Cecil Henstridge,5640436794,chenstridge1n@cocolog-nifty.com
Gaylord Jorat,9723635119,gjorat1o@digg.com
Sheff Dealy,0461483580,sdealy1p@delicious.com
Augustina Box,3294253001,abox1q@cargocollective.com
Marcelo Guillart,8537176575,mguillart1r@who.int
Dannel Moakes,5189693392,dmoakes1s@printfriendly.com
Zechariah Asser,1254958789,zasser1t@smh.com.au
Nance Jurkowski,3237648833,njurkowski1u@dedecms.com
Paulita Giffaut,3345262150,pgiffaut1v@free.fr
Carlo Cornewell,8881183080,ccornewell1w@mayoclinic.com
Bethanne Lackner,7941035081,blackner1x@desdev.cn
Dex Sconce,3719096297,dsconce1y@ox.ac.uk
Jayme Pristnor,2544653752,jpristnor1z@cpanel.net
Tandie Bartley,6233471176,tbartley20@1und1.de
Kathy McBoyle,5375813947,kmcboyle21@aboutads.info
Deonne Valentino,7932325617,dvalentino22@nhs.uk
Angelle Abden,9018545597,aabden23@instagram.com
Jacinda Grayley,5498341156,jgrayley24@webmd.com
Alys Rowet,4832412280,arowet25@tiny.cc
Natale Bartlosz,8127746223,nbartlosz26@gov.uk
Latrina Batchellor,1381474543,lbatchellor27@weather.com
Mommy Legges,7271974032,mlegges28@twitpic.com
Kellen Sutherland,2716294461,ksutherland29@shop-pro.jp
Emmery McClaughlin,8130129523,emcclaughlin2a@dedecms.com
Morley Edlyne,2342418957,medlyne2b@typepad.com
Inna Tilling,6896157348,itilling2c@blog.com
Tamar Sidgwick,6282683459,tsidgwick2d@arstechnica.com
Moreen Deuss,2558089803,mdeuss2e@fc2.com
Noby Lorman,0849536707,nlorman2f@ifeng.com
Vere Doonican,7823691744,vdoonican2g@google.nl
Ellissa Licence,6950649053,elicence2h@dot.gov
Arluene Waye,4765737551,awaye2i@hhs.gov
Arlan Saunper,2090078219,asaunper2j@utexas.edu
Jayme Cleynaert,1309952264,jcleynaert2k@ted.com
Susannah Faircliff,3053985349,sfaircliff2l@ezinearticles.com
Larina McGilleghole,5268799975,lmcgilleghole2m@istockphoto.com
Wenonah Suddell,8061911914,wsuddell2n@kickstarter.com
Nelli McCambridge,4700863072,nmccambridge2o@naver.com
Krystyna Ney,1698307829,kney2p@clickbank.net
Tonya Limmer,3194292625,tlimmer2q@photobucket.com
Shem Lampard,6712386179,slampard2r@home.pl
Raff Pooley,4846085643,rpooley2s@cdbaby.com
Halley Mulliner,7898952669,hmulliner2t@odnoklassniki.ru
Joyann Rupke,6011829449,jrupke2u@illinois.edu
Carly Klyner,9744320141,cklyner2v@nasa.gov
Gene Jacobi,9237041209,gjacobi2w@columbia.edu
Frederick Barensen,3271436452,fbarensen2x@meetup.com
Marybelle Hainsworth,3127905556,mhainsworth2y@pbs.org
Belinda Haxell,8857907333,bhaxell2z@xinhuanet.com
Benjie Dowles,5071983575,bdowles30@aol.com
Kimberlee Burnall,3630425372,kburnall31@aboutads.info
Brigid Mc Gaughey,9069423413,bmc32@china.com.cn
Chase Dammarell,5244256904,cdammarell33@nsw.gov.au
Eldon Semarke,8634688836,esemarke34@free.fr
Katerina Cran,0957852649,kcran35@bloglovin.com
Kellsie Carruth,7315729984,kcarruth36@reference.com
Clea Neller,7905616827,cneller37@hp.com
Morie Robertet,2149170574,mrobertet38@qq.com
Josi Robley,2383952907,jrobley39@feedburner.com
Ashlie Costerd,5632440958,acosterd3a@aol.com
Torin Kopps,9712191346,tkopps3b@youtube.com
Melessa Crighten,9049653847,mcrighten3c@forbes.com
Tiffani Mowett,3749221979,tmowett3d@vkontakte.ru
Ivor Kertess,4998029371,ikertess3e@hhs.gov
Corny Brakewell,3830666012,cbrakewell3f@bbb.org
Yankee Kremer,8984420603,ykremer3g@jimdo.com
Nicolette Pavlov,9608414776,npavlov3h@desdev.cn
Karoline Packe,0756770483,kpacke3i@diigo.com
Bibbye MacVanamy,0514705426,bmacvanamy3j@bing.com
Kelby Kleis,6017567179,kkleis3k@independent.co.uk
Ddene Alabaster,3692230729,dalabaster3l@de.vu
Karry Coviello,9966290516,kcoviello3m@blogger.com
Izak Perotti,8260900424,iperotti3n@google.de
Trev Duchasteau,6065920673,tduchasteau3o@dropbox.com
Ransell Haydney,5085028570,rhaydney3p@is.gd
Normy Ladley,2774224829,nladley3q@howstuffworks.com
Andromache Lupson,9590389430,alupson3r@columbia.edu
Dalila Klezmski,1924032872,dklezmski3s@webs.com
Lauralee Salliere,6993781484,lsalliere3t@bigcartel.com
Bent Tilley,2395462101,btilley3u@prnewswire.com
Flo Hulance,8829371777,fhulance3v@hexun.com
Sayres Dockery,5462580665,sdockery3w@slate.com
Winifield Ker,9206468901,wker3x@freewebs.com
Randee Sharrock,9366452051,rsharrock3y@auda.org.au
Teodora MacKinnon,7298912135,tmackinnon3z@mediafire.com
Malia Moverley,0863094430,mmoverley40@altervista.org
Bryanty Drew,1722399015,bdrew41@eventbrite.com
Dalston Bettis,4232617310,dbettis42@aboutads.info
Casie Tennet,2329986203,ctennet43@theatlantic.com
Ulla Charrett,1411452364,ucharrett44@reddit.com
Kerby Hasely,0634435108,khasely45@thetimes.co.uk
Ferd Blagbrough,6781428756,fblagbrough46@constantcontact.com
Elihu Wevell,7144937294,ewevell47@narod.ru
Obie Pickett,1208656562,opickett48@comsenz.com
Evan Lightwing,3060410860,elightwing49@skyrock.com
Cornell Winckle,6370009199,cwinckle4a@umich.edu
Kalina Tommeo,3782096932,ktommeo4b@netvibes.com
Elsy Rockwill,6612691336,erockwill4c@merriam-webster.com
Jania Ruffey,1382167512,jruffey4d@addthis.com
Jessa Jakuszewski,8356389208,jjakuszewski4e@paypal.com
Reid Channer,3433763658,rchanner4f@constantcontact.com
Babita Purvess,9855410785,bpurvess4g@imdb.com
Jorgan ffrench Beytagh,6134290378,jffrench4h@state.gov
Ruttger Gudde,6164180678,rgudde4i@businessweek.com
Ardeen O'Sirin,1959474375,aosirin4j@sitemeter.com
Bay Scholte,1800478860,bscholte4k@illinois.edu
Eleanore McAuslene,1354163079,emcauslene4l@loc.gov
Kristin Studde,1993371648,kstudde4m@lulu.com
Harrison Sharpous,2153363926,hsharpous4n@icq.com
Delmer Dallosso,7107231804,ddallosso4o@abc.net.au
Marcelle Rowswell,1994039965,mrowswell4p@artisteer.com
Corny Morgan,9203673598,cmorgan4q@feedburner.com
Becki Badby,7149201210,bbadby4r@myspace.com
Marlo Mears,8063582012,mmears4s@berkeley.edu
Rodolfo Edwin,8725569422,redwin4t@hibu.com
Giraldo Early,2562763068,gearly4u@woothemes.com
Douglas Lody,4625144299,dlody4v@deliciousdays.com
Cinnamon Gahan,5372174161,cgahan4w@ucoz.ru
Rosalynd Pashenkov,7785045860,rpashenkov4x@vimeo.com
Joela Forsdike,8888515275,jforsdike4y@discuz.net
Jermayne Ludford,2088423362,jludford4z@prweb.com
Steve Palomba,1783076895,spalomba50@samsung.com
Arley Spiers,3339131392,aspiers51@sfgate.com
Georgia Findlay,7096490779,gfindlay52@moonfruit.com
Elizabeth Le Brun,1873832427,ele53@photobucket.com
Giovanni Petr,7092632331,gpetr54@craigslist.org
Josephine Chellam,9052715114,jchellam55@samsung.com
Werner Guard,8843647520,wguard56@paypal.com
Dennis Lainton,9736032736,dlainton57@army.mil
Isac Webland,3714779957,iwebland58@microsoft.com
Ollie Cherry,2004966696,ocherry59@blogspot.com
Selestina Quayle,9446302560,squayle5a@gizmodo.com
Freddie Rodwell,9040909717,frodwell5b@nymag.com
Jarrid Lapree,7918102304,jlapree5c@ox.ac.uk
Serene Dann,2812639091,sdann5d@angelfire.com
Ewan Cordeau],0564009814,ecordeau5e@theglobeandmail.com
Barn Golthorpp,4644468215,bgolthorpp5f@techcrunch.com
Emmalyn Symon,7600085283,esymon5g@twitpic.com
Francoise Golds,5831766705,fgolds5h@google.pl
Natty Waller-Bridge,6410806426,nwallerbridge5i@yellowpages.com
Orlan Matveyev,7315713875,omatveyev5j@hostgator.com
Armando Sutworth,5023812316,asutworth5k@creativecommons.org
Marietta Caen,7626212207,mcaen5l@hibu.com
Sayre Lambdean,0238162176,slambdean5m@sphinn.com
Kellsie Boxhill,4259982583,kboxhill5n@cbslocal.com
Fawne Dimitru,5432048159,fdimitru5o@chronoengine.com
Lesley Tinline,2318479135,ltinline5p@ow.ly
Valida Fowlie,8354784932,vfowlie5q@eepurl.com
Mavis Dwyer,7303887156,mdwyer5r@naver.com
Normy Bracci,6063235973,nbracci5s@bluehost.com
Reeba Travers,5467509489,rtravers5t@dyndns.org
Antonius Dutson,1200796381,adutson5u@sphinn.com
Paule Wace,9587941764,pwace5v@hud.gov
Paddie Butten,9158731121,pbutten5w@fema.gov
Inglis Hagard,0138497885,ihagard5x@g.co
Cyrill Esley,0248167812,cesley5y@mashable.com
Murielle Walster,4630014330,mwalster5z@live.com
Gabie Station,4231032467,gstation60@addthis.com
Alexander Iglesias,3413201883,aiglesias61@jigsy.com
Scot Croix,9797277941,scroix62@infoseek.co.jp
Patrice Bacon,4426673771,pbacon63@weibo.com
Davidde McKeurtan,6979556452,dmckeurtan64@sogou.com
Rich Kirstein,7970521258,rkirstein65@infoseek.co.jp
Hoebart Mitkcov,9973284909,hmitkcov66@xrea.com
Micheal Zold,0198165986,mzold67@theglobeandmail.com
Huntley Devinn,5050022150,hdevinn68@epa.gov
Sabrina Boxill,2631173864,sboxill69@marriott.com
Adler Halley,3528291699,ahalley6a@google.com.br
Briggs Thorby,2673154310,bthorby6b@blinklist.com
Ruthann Ungerer,4174975159,rungerer6c@dedecms.com
Leandra Whithorn,7583131871,lwhithorn6d@nbcnews.com
Loraine Cubbin,4390319442,lcubbin6e@engadget.com
Faulkner Fairtlough,4778125630,ffairtlough6f@cnbc.com
Tabbie Handrock,9315311353,thandrock6g@home.pl
David Greenless,4382952042,dgreenless6h@youku.com
Kevyn Hairs,8957587268,khairs6i@woothemes.com
Gannie Letts,5863538783,gletts6j@youtube.com
Lindsey Smeuin,3980473716,lsmeuin6k@skyrock.com
Stacy Featherstonhaugh,1340664283,sfeatherstonhaugh6l@mozilla.org
Meggy Espinheira,7663574443,mespinheira6m@ustream.tv
Lewiss Putman,3215897660,lputman6n@nifty.com
Lazarus Broke,5329159938,lbroke6o@yandex.ru
Krissie Highman,3629343031,khighman6p@bloomberg.com
Theressa Sambath,2997487218,tsambath6q@angelfire.com
Christal Durante,6176778263,cdurante6r@cornell.edu
Olvan Nornable,0006893171,onornable6s@forbes.com
Sadie Karle,0021014884,skarle6t@accuweather.com
Lonna Spraging,8806559885,lspraging6u@addtoany.com
Burtie Dabel,0368288188,bdabel6v@indiegogo.com
Lennard Thomson,1854458388,lthomson6w@marriott.com
Titos Talby,0519746074,ttalby6x@scribd.com
Ezechiel Sallenger,3299081977,esallenger6y@pen.io
Ginelle Whistlecroft,2144208581,gwhistlecroft6z@state.tx.us
Geri Allport,9424397712,gallport70@cam.ac.uk
Josepha Mosley,1496845412,jmosley71@trellian.com
Jan Yurtsev,1427680760,jyurtsev72@macromedia.com
Cynthea Passo,6704569723,cpasso73@google.co.jp
Blakelee Gilding,5099825885,bgilding74@paypal.com
Daron Suller,7846229508,dsuller75@mapy.cz
Deeanne Doorly,8841509201,ddoorly76@google.es
Nikolaos Lomasney,6806406998,nlomasney77@uiuc.edu
Cecil Bulled,0874998700,cbulled78@chronoengine.com
Freddy Margery,5336933422,fmargery79@people.com.cn
Westbrooke Sends,6455322312,wsends7a@mashable.com
Torin Fields,0837417899,tfields7b@buzzfeed.com
Thaddeus Crick,1888626658,tcrick7c@huffingtonpost.com
Alida Rayment,0251558517,arayment7d@cornell.edu
Frankie Pickerin,0211730521,fpickerin7e@abc.net.au
Glenn Cromack,4365512749,gcromack7f@yahoo.co.jp
Hugibert Sumner,8408982974,hsumner7g@businessinsider.com
Carr Burgill,6548865898,cburgill7h@epa.gov
Lorinda Farrell,7870267511,lfarrell7i@chronoengine.com
Eba Dorcey,3114875653,edorcey7j@ca.gov
Ertha Durdan,9694460581,edurdan7k@cnn.com
Lief Dreschler,8384532516,ldreschler7l@jimdo.com
Kristos Neville,3375633203,kneville7m@nature.com
Shaun Chatel,0988226782,schatel7n@china.com.cn
Karolina Willicott,6058764785,kwillicott7o@jugem.jp
Marianna Harbord,9629021242,mharbord7p@house.gov
Tina Hartle,0848945689,thartle7q@smugmug.com
Kerwinn Wadlow,7016231488,kwadlow7r@merriam-webster.com
Greta Mannin,7761606609,gmannin7s@storify.com
Garvy Load,6398688864,gload7t@redcross.org
Pearla Mottini,4595260075,pmottini7u@wix.com
Minnnie Blewett,3142174915,mblewett7v@networksolutions.com
Dolly Renals,0708557716,drenals7w@patch.com
Udall Losty,4014868702,ulosty7x@etsy.com
Arty Blaber,7034170355,ablaber7y@51.la
Teri Dietz,9579705593,tdietz7z@rambler.ru
Heywood Barrington,6778570415,hbarrington80@icio.us
Jodee Phipps,0740978128,jphipps81@ihg.com
Fredra Pallister,0377201316,fpallister82@pinterest.com
Kristen Pirazzi,9311181641,kpirazzi83@ameblo.jp
Dolph Oriel,7829275017,doriel84@nytimes.com
Collen Elletson,0330476688,celletson85@newyorker.com
Dniren Petrussi,4738250620,dpetrussi86@earthlink.net
Nessy Hearfield,6942201677,nhearfield87@yelp.com
Sumner Poletto,8903704959,spoletto88@arizona.edu
Juliette Nickolls,8430811281,jnickolls89@engadget.com
Anjela Sayburn,1257929844,asayburn8a@si.edu
Lynnet Westmoreland,3870012633,lwestmoreland8b@nih.gov
Thomas Maginot,5271203743,tmaginot8c@nydailynews.com
Rod McCurtin,9272853605,rmccurtin8d@csmonitor.com
Gerhard Spellecy,2187712729,gspellecy8e@arstechnica.com
Ardeen Ridder,7093356494,aridder8f@4shared.com
Kleon Walbrun,1024402762,kwalbrun8g@slideshare.net
Lucias Fronsek,8244240458,lfronsek8h@devhub.com
Dall Doubleday,2187623165,ddoubleday8i@berkeley.edu
Claudia Jaskowicz,3273059435,cjaskowicz8j@is.gd
Rodger Culcheth,3447608331,rculcheth8k@ask.com
Sonny Bargery,1809972043,sbargery8l@xing.com
Tait Cleere,7292539513,tcleere8m@telegraph.co.uk
Porty Taaffe,1118491750,ptaaffe8n@yelp.com
Ravi Seman,6839155579,rseman8o@samsung.com
Tanya Hussell,8360732531,thussell8p@spiegel.de
Charlot Howsam,6120568271,chowsam8q@google.com
Torrance Senecaux,0997267151,tsenecaux8r@cdbaby.com
Maryanne Lewisham,1220332372,mlewisham8s@networkadvertising.org
Joaquin Brabender,1010569791,jbrabender8t@posterous.com
Yvon Medgwick,0300207328,ymedgwick8u@odnoklassniki.ru
Sayre Ourry,8549084891,sourry8v@moonfruit.com
Fred Munns,3586817037,fmunns8w@sogou.com
Candide Pods,4926751143,cpods8x@amazon.co.jp
Lona Dunbar,8957690824,ldunbar8y@rediff.com
Jerrilyn Skedgell,5604545392,jskedgell8z@economist.com
Haley Yeell,8854512168,hyeell90@cbc.ca
Selina Honnicott,3917805189,shonnicott91@hp.com
Constantine Heinsius,0737585862,cheinsius92@mayoclinic.com
Dorice Ziehms,6601931438,dziehms93@abc.net.au
Zachary Westby,2620029678,zwestby94@geocities.com
Frankie Charnick,4845189097,fcharnick95@sfgate.com
Andree Cassam,3668876231,acassam96@vk.com
Torrey Aleshintsev,5841491598,taleshintsev97@un.org
Carlie Ebbings,0205247679,cebbings98@multiply.com
Mathe Daniell,6284395914,mdaniell99@reference.com
Lulu Hindshaw,8321097596,lhindshaw9a@microsoft.com
Claiborn Radish,0698166760,cradish9b@foxnews.com
Jeremiah Garman,1530456061,jgarman9c@unc.edu
Brian Fortnam,7148521211,bfortnam9d@soup.io
Darryl Freund,9916741514,dfreund9e@mysql.com
Erl Dodsley,6708354195,edodsley9f@howstuffworks.com
Hyacinthie Pane,2242635727,hpane9g@drupal.org
Cynthie Cudde,0068373139,ccudde9h@amazonaws.com
Finlay Sorel,7496011525,fsorel9i@mozilla.com
Alison Constantine,0606934650,aconstantine9j@scientificamerican.com
Clarisse Eilers,8719317794,ceilers9k@uiuc.edu
Ikey Gadesby,9960953270,igadesby9l@webnode.com
Cherri Asker,3576634991,casker9m@mtv.com
Row Inkin,8057849975,rinkin9n@chicagotribune.com
Goddart Fearon,3067143779,gfearon9o@netlog.com
Lona Bridgement,7271445021,lbridgement9p@free.fr
Ferris Lindop,5856417011,flindop9q@skyrock.com
Aurore Iwanowski,0447539671,aiwanowski9r@ucsd.edu
Elita Melburg,9976050240,emelburg9s@paypal.com
Celeste Hanigan,8389979403,chanigan9t@netvibes.com
Jacques Finn,5726754697,jfinn9u@furl.net
Frasquito Rustadge,1134215223,frustadge9v@earthlink.net
Meredith Banaszkiewicz,9341041937,mbanaszkiewicz9w@java.com
Daryn Bleythin,7667844348,dbleythin9x@woothemes.com
Suzanna Vial,3528337893,svial9y@mediafire.com
Cordelia Yancey,2925404170,cyancey9z@mtv.com
Wallis Birdsall,4096132810,wbirdsalla0@oracle.com
Kippy Cahill,0181998319,kcahilla1@lycos.com
Tybie Vinck,7031058139,tvincka2@usgs.gov
Kalil Donkersley,1897965214,kdonkersleya3@loc.gov
Garwin Tilly,7714596317,gtillya4@icq.com
Del Tabourier,0927175223,dtabouriera5@desdev.cn
Florry Lamperd,1692683403,flamperda6@blogtalkradio.com
Christoper Weavers,0130231363,cweaversa7@elpais.com
Desmund Stevenson,8425051843,dstevensona8@phoca.cz
Ingemar Iowarch,0424853760,iiowarcha9@theatlantic.com
Moyra Maggill'Andreis,4012300040,mmaggillandreisaa@merriam-webster.com
Tammie Zamudio,7525417032,tzamudioab@baidu.com
Josi Voak,7743368076,jvoakac@over-blog.com
Dorette Kassman,2504164025,dkassmanad@usgs.gov
Daniela Jurkiewicz,5873617619,djurkiewiczae@joomla.org
Mordecai Ebbage,7994256775,mebbageaf@deliciousdays.com
Vasili Snawdon,2708158791,vsnawdonag@newsvine.com
Jeana Firbanks,7092102359,jfirbanksah@surveymonkey.com
Rodd Bamborough,7294111650,rbamboroughai@soup.io
Isidor Revance,0667756124,irevanceaj@mysql.com
Joelly Bruggen,2674720786,jbruggenak@macromedia.com
Xavier De Goey,2733714058,xdeal@newyorker.com
Ranice Cruden,2891017633,rcrudenam@who.int
Joete Radmer,0340387815,jradmeran@nature.com
Barrie Mandell,8968997802,bmandellao@dagondesign.com
Cullin Dalinder,9288012966,cdalinderap@comcast.net
Zonda Budibent,2170673520,zbudibentaq@arstechnica.com
Michelina Minucci,2818355729,mminucciar@51.la
Leroy Fantham,6209913555,lfanthamas@hp.com
Cole Coo,7853722222,ccooat@skype.com
Lester Houliston,4615583869,lhoulistonau@rediff.com
Salomone Dagnan,8732014570,sdagnanav@ning.com
Ardine Barz,6075036903,abarzaw@taobao.com
Lucia Springell,4304974416,lspringellax@admin.ch
Constantia Tarte,3163931308,ctarteay@delicious.com
Boot Lilywhite,9123894393,blilywhiteaz@google.ru
Lynnell Potteridge,7376615253,lpotteridgeb0@cloudflare.com
Kain Jagiela,1789666724,kjagielab1@eventbrite.com
Dill Laimable,7943895878,dlaimableb2@howstuffworks.com
Garey Greenier,7787278935,ggreenierb3@shinystat.com
Adria Halford,7097141387,ahalfordb4@yahoo.co.jp
Lucine Brandassi,5825483551,lbrandassib5@zimbio.com
Trumaine Lemmanbie,1618536125,tlemmanbieb6@amazon.de
Vania L'Amie,2101762196,vlamieb7@myspace.com
Sammie Akers,8824173934,sakersb8@t-online.de
Kirsteni Leverentz,7277427734,kleverentzb9@dmoz.org
Obed Jearum,4427590551,ojearumba@symantec.com
Bryana Karadzas,9780969039,bkaradzasbb@edublogs.org
De witt Vader,2100662058,dwittbc@tuttocitta.it
Hercules Cabane,9303932161,hcabanebd@cyberchimps.com
Stormi Semaine,7875002788,ssemainebe@bloglovin.com
Oralle Robroe,8759053852,orobroebf@wikispaces.com
Jeremiah Shird,9567749280,jshirdbg@yolasite.com
Wiley Pearsey,0562355928,wpearseybh@usa.gov
Robbie Hurles,4520269695,rhurlesbi@china.com.cn
Harland Cossington,5727015006,hcossingtonbj@goo.gl
Stevie McClaren,3411478357,smcclarenbk@vimeo.com
Emyle Clague,0438069722,eclaguebl@accuweather.com
Trueman Capps,7745545889,tcappsbm@dailymotion.com
Karlyn Torns,6069220854,ktornsbn@alexa.com
Hesther Litel,8438786073,hlitelbo@nationalgeographic.com
Cale Kaliszewski,3015237578,ckaliszewskibp@oakley.com
Dareen De la Feld,4315827304,ddebq@tiny.cc
Duffie Yanin,8174703241,dyaninbr@discovery.com
Hatty Esland,6049971072,heslandbs@live.com
Silvie Sully,3478559340,ssullybt@feedburner.com
Sibyl Pattison,5276958165,spattisonbu@cisco.com
Sanford Barradell,5517075614,sbarradellbv@gmpg.org
Neda Garbett,7733171989,ngarbettbw@4shared.com
Betty Whorf,5891445433,bwhorfbx@springer.com
Aile Rocca,1666094420,aroccaby@marketwatch.com
Tudor Towsey,7200357111,ttowseybz@nymag.com
Burty Lansley,1206954132,blansleyc0@redcross.org
Solly Rew,1285121147,srewc1@imdb.com
Gerladina MacKeogh,4266771614,gmackeoghc2@domainmarket.com
Calv Batkin,5705693230,cbatkinc3@scribd.com
Jordain Minchella,6249850376,jminchellac4@digg.com
Melany Brosius,0224594095,mbrosiusc5@craigslist.org
Paddy Looby,3117029168,ploobyc6@xing.com
Prent Lowndsborough,6660522654,plowndsboroughc7@is.gd
Marin Goddard,4389427547,mgoddardc8@arizona.edu
Mayne Helleckas,3793286770,mhelleckasc9@ucsd.edu
Vinson Thorn,1113634154,vthornca@chicagotribune.com
Dru O'Corren,4317013606,docorrencb@cdbaby.com
Marian Petkens,2897664339,mpetkenscc@salon.com
Alika McGaugie,7947863474,amcgaugiecd@mashable.com
Poul Hannigane,2944433083,phanniganece@youtube.com
Filip Schimon,5901744241,fschimoncf@amazon.co.jp
Dorry Broxis,5989969953,dbroxiscg@jiathis.com
Carmelle Bohlmann,0177284188,cbohlmannch@google.co.jp
Jacquetta Tatton,3628776015,jtattonci@adobe.com
Ketty Handford,2308105801,khandfordcj@sciencedirect.com
Mavra Tutchings,7839093051,mtutchingsck@bigcartel.com
Alvis Moultrie,5033588001,amoultriecl@alexa.com
Cale Rushton,9122115463,crushtoncm@ehow.com
Averyl Lythgoe,7343097156,alythgoecn@hubpages.com
Tades Patifield,3600965654,tpatifieldco@bluehost.com
Di Luberti,3414318342,dluberticp@cbsnews.com
Devlin Mazin,9859669295,dmazincq@gnu.org
Dania Mattersley,4692092904,dmattersleycr@apple.com
Thoma Ventom,4876476209,tventomcs@narod.ru
Karalynn Raddin,7244597258,kraddinct@xing.com
Ines Heales,6107512306,ihealescu@sohu.com
Kissee O'Noulane,5448688721,konoulanecv@house.gov
Ogdan Wicks,6657051611,owickscw@bravesites.com
Bobinette Paish,9750544366,bpaishcx@acquirethisname.com
Fonsie Giovannelli,2247485936,fgiovannellicy@foxnews.com
Ed de Guerre,4087163857,edecz@microsoft.com
Greta Llewellin,1810402581,gllewellind0@pcworld.com
Merrel Gilhoolie,6898029789,mgilhoolied1@symantec.com
Gaultiero Story,5487999589,gstoryd2@house.gov
Georgy Bonifazio,4683984180,gbonifaziod3@topsy.com
Maud Audibert,5239093423,maudibertd4@meetup.com
Carmelita Yuryaev,4252048060,cyuryaevd5@cpanel.net
Cosmo Sawdy,8268662883,csawdyd6@list-manage.com
Sissy Skettles,8155182754,sskettlesd7@moonfruit.com
Hildy Graffham,3836012464,hgraffhamd8@oakley.com
Brynna Buzine,4822922367,bbuzined9@people.com.cn
Nara Hinkley,5098079438,nhinkleyda@omniture.com
Shelbi Symington,1061028798,ssymingtondb@google.it
Annelise Filippi,3876732611,afilippidc@mozilla.com
Roberto Costar,1312590963,rcostardd@technorati.com
Blisse Chorley,7049457175,bchorleyde@mozilla.org
Rice Kerner,8748354457,rkernerdf@sina.com.cn
Loralee Falkinder,8257907677,lfalkinderdg@washington.edu
Josy Ygoe,6677345475,jygoedh@unesco.org
Panchito Keson,6640493861,pkesondi@guardian.co.uk
Evanne Skoate,0215268563,eskoatedj@nydailynews.com
Melonie Tart,1696389569,mtartdk@g.co
Artemis Eskriett,3217333357,aeskriettdl@networksolutions.com
Baryram Sowood,1505839505,bsowooddm@about.com
Andrej Amiss,2027774947,aamissdn@blinklist.com
Claretta Muino,3948495572,cmuinodo@weather.com
Milli Copcott,5864598062,mcopcottdp@mapy.cz
Mikey Snape,9034158187,msnapedq@soup.io
Dorothea Gynne,8603058652,dgynnedr@flavors.me
Jordana Mesias,4892452815,jmesiasds@myspace.com
Misty Le Page,2435767404,mledt@wikia.com
Domini Moorcroft,3809050954,dmoorcroftdu@weather.com
Merrick Cattroll,2934959171,mcattrolldv@chronoengine.com
Maisey Lande,9931905638,mlandedw@home.pl
Ad Radloff,0452783437,aradloffdx@redcross.org
Brynn Vasyaev,3571347242,bvasyaevdy@msu.edu
Melinde Colnet,9733557870,mcolnetdz@odnoklassniki.ru
Natalina Plank,4593327512,nplanke0@twitter.com
Elfrieda Dudill,9035517326,edudille1@baidu.com
Kalie Leeves,8193978676,kleevese2@desdev.cn
Bernelle McAulay,5960451417,bmcaulaye3@gravatar.com
Bobbee Terbruggen,8310411987,bterbruggene4@is.gd
Vania Riall,0332400646,vrialle5@a8.net
Ernesta Meaddowcroft,4152967293,emeaddowcrofte6@columbia.edu
Euell Lewendon,6662396680,elewendone7@reference.com
Malorie Farmiloe,4024643193,mfarmiloee8@mozilla.org
Pyotr Gatward,8173269149,pgatwarde9@cdc.gov
Lester Le Guin,7086315834,lleea@forbes.com
Therese Fransewich,1330790693,tfransewicheb@hubpages.com
Garry Legges,0046385703,gleggesec@photobucket.com
Sophey Caseborne,3212463430,scaseborneed@hubpages.com
Florence Dutton,6367407324,fduttonee@addtoany.com
Helsa Barstowk,5265949380,hbarstowkef@utexas.edu
Cesya Avraham,9581840753,cavrahameg@meetup.com
Bancroft Ehrat,7931449533,behrateh@lulu.com
Edsel Piddlesden,2164094336,epiddlesdenei@nih.gov
Rowen Olufsen,1916008755,rolufsenej@printfriendly.com
Saunders Dinsale,8577222128,sdinsaleek@liveinternet.ru
Talbert Abbet,8129506289,tabbetel@gravatar.com
Daniela Cathel,6878935687,dcathelem@deliciousdays.com
Elvira Kermitt,9229128783,ekermitten@google.nl
Felix Simukov,5684264166,fsimukoveo@taobao.com
Mack Duffy,4192943840,mduffyep@wix.com
Andee Ratcliff,3744214699,aratcliffeq@icq.com
Agneta Gergely,2667759907,agergelyer@1688.com
Marris Whitemarsh,8337410108,mwhitemarshes@sina.com.cn
Margaret Toulson,6435271585,mtoulsonet@adobe.com
Joby Harvison,3068294037,jharvisoneu@ow.ly
Thomasa Phalp,0792891929,tphalpev@tumblr.com
Julietta Crumley,2590524099,jcrumleyew@yale.edu
Charline Dominy,1132378680,cdominyex@blogger.com
Larry Schlagman,0875740235,lschlagmaney@smugmug.com
Sigvard Colrein,7592559250,scolreinez@constantcontact.com
Junia Letten,7576612096,jlettenf0@opensource.org
Addia Caris,3139182848,acarisf1@reddit.com
Somerset Dollard,6042334484,sdollardf2@github.io
Kandace Grivori,4020504210,kgrivorif3@nationalgeographic.com
Shir Claworth,3106134186,sclaworthf4@usgs.gov
Walton Ruffy,4787203274,wruffyf5@vistaprint.com
Daryl Cawsy,9935456218,dcawsyf6@wufoo.com
Caz Shird,1659963044,cshirdf7@dmoz.org
Abrahan Wilkin,7462260077,awilkinf8@blinklist.com
Monah Collinge,2830635000,mcollingef9@altervista.org
Otto Gambles,1483584151,ogamblesfa@engadget.com
Jdavie Naseby,8037396568,jnasebyfb@gizmodo.com
Almeta Jankin,8752830438,ajankinfc@ed.gov
Annadiane Bauduccio,9698427511,abauducciofd@barnesandnoble.com
Ediva Bertson,5323396091,ebertsonfe@trellian.com
Phillip Lodden,5609690765,ploddenff@google.ca
Ralina McCaffery,7980970950,rmccafferyfg@nationalgeographic.com
Tabitha Dansken,2949573193,tdanskenfh@umich.edu
Krystle Cartwight,6166060971,kcartwightfi@europa.eu
Joanne Rysom,9477369675,jrysomfj@shinystat.com
Bevan Bendare,2365089364,bbendarefk@w3.org
Becca Fishbie,0231018843,bfishbiefl@hud.gov
Laryssa Malecky,1614702926,lmaleckyfm@people.com.cn
Rosetta Delatour,6050089469,rdelatourfn@hibu.com
Paulette Arnely,7289446275,parnelyfo@army.mil
Tedra Boast,1969808845,tboastfp@livejournal.com
Stinky Abby,2622731396,sabbyfq@youtube.com
Magnum Heugle,3421667667,mheuglefr@reference.com
Case Jirik,0207736154,cjirikfs@aboutads.info
Berty McQuode,8848405932,bmcquodeft@businessweek.com
Thorpe Trangmar,5105015339,ttrangmarfu@nymag.com
Karrah Tofts,4231371636,ktoftsfv@odnoklassniki.ru
Christoph Drage,2097209521,cdragefw@51.la
Todd Davydkov,4984001968,tdavydkovfx@cnet.com
Gretel Mitrikhin,7497406108,gmitrikhinfy@prnewswire.com
Thane Marfield,8804387920,tmarfieldfz@yale.edu
Neile Fullerd,2932164228,nfullerdg0@nyu.edu
Guss Ickeringill,8771607234,gickeringillg1@domainmarket.com
Zaria Basek,4058535652,zbasekg2@ihg.com
Cirstoforo Matkovic,9130099803,cmatkovicg3@so-net.ne.jp
Marcie Townshend,1814326154,mtownshendg4@wordpress.org
Micky Pien,9682255600,mpieng5@cdbaby.com
Woodrow Padley,3280193613,wpadleyg6@skype.com
Jordain Evensden,6609234434,jevensdeng7@unesco.org
Sherlocke Norres,6399716616,snorresg8@ebay.com
Oralee Romke,3685220926,oromkeg9@springer.com
Justino Scally,7776030538,jscallyga@hud.gov
Athena Rhule,3057522904,arhulegb@blogtalkradio.com
Cheri Brimilcome,3917575213,cbrimilcomegc@weibo.com
Trudie Brandom,2317325541,tbrandomgd@lycos.com
Jonell Abdie,3820650652,jabdiege@networksolutions.com
Elbertina Avrahm,7495057742,eavrahmgf@google.fr
Bartolomeo Briscow,6564565984,bbriscowgg@cafepress.com
Mela Cordsen,3966378051,mcordsengh@bizjournals.com
Dean Rosbrough,6258389848,drosbroughgi@paypal.com
Jeremiah Scrinage,7322093895,jscrinagegj@forbes.com
Ailyn Bushe,4668180203,abushegk@amazon.com
Karlan O'Kennavain,0406657947,kokennavaingl@wired.com
Claudio Le Barr,2245457927,clegm@youtu.be
Antoine Consadine,0026656493,aconsadinegn@nsw.gov.au
Emylee Northbridge,5648568398,enorthbridgego@ebay.co.uk
Ollie Baston,3755875535,obastongp@slashdot.org
Heddie Sabberton,3251005170,hsabbertongq@infoseek.co.jp
Emmaline Sweatman,1583524223,esweatmangr@wikispaces.com
Nananne Checkley,1024819302,ncheckleygs@cnet.com
Bogey Cowper,0720057566,bcowpergt@mac.com
Ailene Creenan,7772077726,acreenangu@utexas.edu
Kevina Rumming,7794517052,krumminggv@webmd.com
Rogerio Tanby,1907776974,rtanbygw@booking.com
Heinrik Killiner,5806127052,hkillinergx@archive.org
Park Crock,0121094987,pcrockgy@mysql.com
Howard Broadbear,0716611805,hbroadbeargz@blogtalkradio.com
Lyndsay Tiler,9852481517,ltilerh0@imdb.com
Rochester Kulis,0476023688,rkulish1@newyorker.com
Hart Galiero,0609847309,hgalieroh2@netscape.com
Colby Hungerford,5567771886,chungerfordh3@google.co.jp
Shayla Walkley,2340045436,swalkleyh4@house.gov
Leeanne Barkshire,1422003841,lbarkshireh5@deliciousdays.com
Gerhardine Dufaire,3946391516,gdufaireh6@opensource.org
Amelina Rayne,2469305926,arayneh7@census.gov
Clara Shales,7980077040,cshalesh8@cmu.edu
Wyn Leatherland,8196692951,wleatherlandh9@naver.com
Anatole Kassidy,3223364277,akassidyha@google.it
Glen Danis,3343215600,gdanishb@cdc.gov
Algernon Sille,6679861551,asillehc@acquirethisname.com
Boycey Pasek,9845682006,bpasekhd@dailymail.co.uk
Thomasina Grafom,5304160673,tgrafomhe@e-recht24.de
Margit Higbin,8534283133,mhigbinhf@usatoday.com
Monroe Eberst,4410568434,mebersthg@yahoo.com
Gauthier Raphael,7962705388,graphaelhh@joomla.org
Loni Jeffcock,5045867709,ljeffcockhi@who.int
Lorens Erdely,8360998361,lerdelyhj@cornell.edu
Johnathan Strowthers,8368970172,jstrowthershk@usnews.com
Godfrey Korneev,4653616582,gkorneevhl@twitpic.com
Marietta Goakes,1759917443,mgoakeshm@google.cn
Ford Saddleton,4184750729,fsaddletonhn@samsung.com
Chickie Poppy,5196695508,cpoppyho@infoseek.co.jp
Drusie Tregian,1841337404,dtregianhp@rambler.ru
Neala McBrier,1345603452,nmcbrierhq@nih.gov
Maiga Shotboult,9841777061,mshotboulthr@edublogs.org
Teri Oxenford,8540318016,toxenfordhs@netlog.com
Melodie Talby,2564671055,mtalbyht@bloomberg.com
Melony Pady,8889692049,mpadyhu@earthlink.net
Dionis Akess,7583948118,dakesshv@altervista.org
Jedidiah Aizikovitch,9420924610,jaizikovitchhw@twitpic.com
Teodorico Apthorpe,2170451404,tapthorpehx@issuu.com
Alicia Gerholz,4267899630,agerholzhy@meetup.com
Hyacintha Avramow,1117094359,havramowhz@jiathis.com
Chloe Clubley,0957231326,cclubleyi0@yahoo.com
Gardy Libermore,2076550445,glibermorei1@ask.com
Frederigo Curzey,2730681124,fcurzeyi2@ehow.com
Darbee Galloway,5274492835,dgallowayi3@cdc.gov
Jimmy Benzing,9360342149,jbenzingi4@newsvine.com
Quill Strevens,7142960345,qstrevensi5@gravatar.com
Beauregard Dummigan,7686977056,bdummigani6@businessweek.com
Michaella Rowler,1038393205,mrowleri7@narod.ru
Johann McShea,2042460605,jmcsheai8@ifeng.com
Julianna Merwood,4164513276,jmerwoodi9@example.com
Rance Whitecross,9427741236,rwhitecrossia@multiply.com
Shanie Cockill,0898079586,scockillib@facebook.com
Broderick Szubert,8587536451,bszubertic@state.gov
Maddalena Lahrs,3968218248,mlahrsid@amazon.de
Alena Joscelyne,3429954630,ajoscelyneie@princeton.edu
Jilli Foye,4550510145,jfoyeif@blogger.com
Lauretta Panketh,8508120990,lpankethig@nymag.com
Yasmin Seden,1885281749,ysedenih@usda.gov
Betteanne Perrot,1543006507,bperrotii@deliciousdays.com
Rhianon Benmore,6068448894,rbenmoreij@webeden.co.uk
Chic Quadri,0090974085,cquadriik@pinterest.com
Ellsworth Highnam,7089530299,ehighnamil@oracle.com
Marty Braxton,9853855690,mbraxtonim@etsy.com
Dagmar GiacobbiniJacob,7039132737,dgiacobbinijacobin@biblegateway.com
Kasper Doneld,8023170996,kdoneldio@nasa.gov
Ainslee Atchly,1283724820,aatchlyip@house.gov
Tiena Warbrick,6128917038,twarbrickiq@tinyurl.com
Mellisent Gaines,4558721927,mgainesir@ucoz.com
Dion Kalinsky,9080815802,dkalinskyis@toplist.cz
Aurilia Laurenz,8275950716,alaurenzit@stanford.edu
Dougie Bloor,1064454011,dblooriu@moonfruit.com
Rex Lathaye,2524087360,rlathayeiv@sohu.com
Padraig Heninghem,8868498138,pheninghemiw@smugmug.com
Ase Pavlishchev,1355180783,apavlishchevix@rakuten.co.jp
Retha Younghusband,9467393859,ryounghusbandiy@amazon.de
Conny Maggs,8960107344,cmaggsiz@tumblr.com
Roosevelt Elcomb,6011542948,relcombj0@nymag.com
Frederik Abramovicz,1862629404,fabramoviczj1@sina.com.cn
Buffy Cleveland,5002296858,bclevelandj2@squidoo.com
Eloise Peeke,9254617954,epeekej3@addthis.com
Brenden Woodsford,3452029522,bwoodsfordj4@yahoo.co.jp
Leonardo Limrick,6491993205,llimrickj5@blogs.com
Gerick Babin,7914924229,gbabinj6@123-reg.co.uk
Pippy Bonder,3314520913,pbonderj7@edublogs.org
Clarey Maingot,4499959454,cmaingotj8@canalblog.com
Sybil Haucke,1034211846,shauckej9@trellian.com
Crystal MacFadin,9540710634,cmacfadinja@unicef.org
Keith Davie,7531206153,kdaviejb@cnn.com
Ruben St. John,3387285515,rstjc@salon.com
Joby Erangy,6783614190,jerangyjd@pagesperso-orange.fr
Fredek Rowe,5493708566,froweje@opera.com
Myer Freda,0084010592,mfredajf@goo.ne.jp
Brewster Blunkett,9623878842,bblunkettjg@nationalgeographic.com
Dyanne Quest,1691529575,dquestjh@artisteer.com
Devinne Pembry,4980136354,dpembryji@rambler.ru
Lynnett Etter,7300918425,letterjj@nba.com
Marice Bottom,7156626175,mbottomjk@google.co.jp
Codee Apedaile,1140877976,capedailejl@timesonline.co.uk
Bobette Mapowder,7247229039,bmapowderjm@live.com
Marchelle Curd,6837449109,mcurdjn@salon.com
Obie Glennon,6263983981,oglennonjo@goo.gl
Bartolemo Glennard,4103637552,bglennardjp@blogtalkradio.com
Maxy Trobridge,9092613606,mtrobridgejq@clickbank.net
Zita Kipping,7533074343,zkippingjr@umn.edu
Austen Gomme,1489721401,agommejs@admin.ch
Perren Mulqueen,4904475461,pmulqueenjt@npr.org
Drusie Emblow,0580576795,demblowju@dot.gov
Nichol Feldmus,9866376214,nfeldmusjv@clickbank.net
Sheffie Rattrie,7450136007,srattriejw@hc360.com
Lin Morman,6119343083,lmormanjx@t-online.de
Torie Rudeforth,4103045043,trudeforthjy@artisteer.com
Sal Hexum,9520601333,shexumjz@nationalgeographic.com
Shayne Skurray,2288750553,sskurrayk0@pen.io
Max Gemmill,6664448440,mgemmillk1@fotki.com
Ardys Jeandel,0875590268,ajeandelk2@deliciousdays.com
Benedict McArthur,1432331027,bmcarthurk3@alexa.com
Billy Neeves,9965607281,bneevesk4@pen.io
Ninette Durran,6212888663,ndurrank5@bloglines.com
Oralee Hempel,5625862036,ohempelk6@github.io
Tammy Mazella,8018189706,tmazellak7@census.gov
Rochell Dumingos,0396780350,rdumingosk8@mail.ru
Shaylah Mathevet,7456773777,smathevetk9@xinhuanet.com
Trixy Tunnah,5601940584,ttunnahka@java.com
Willetta Wilbud,9684616368,wwilbudkb@guardian.co.uk
Kelby Bonhill,6084915477,kbonhillkc@cocolog-nifty.com
Pammi McGarry,1178210456,pmcgarrykd@so-net.ne.jp
Laurent Sawforde,4715473534,lsawfordeke@taobao.com
Franni Divis,8052350409,fdiviskf@ycombinator.com
Murvyn Goodrich,8403602359,mgoodrichkg@wikia.com
Waneta McCraine,3731095912,wmccrainekh@t.co
Noby Lindroos,7987594393,nlindrooski@scribd.com
Rey Hayley,4597893679,rhayleykj@skyrock.com
Kiley Bloxsome,9507961119,kbloxsomekk@sitemeter.com
Maud Poolman,2935680251,mpoolmankl@is.gd
Benji Sinkins,8287089220,bsinkinskm@is.gd
Lowe Bracer,8006312524,lbracerkn@archive.org
Mahalia Rosenboim,6590043132,mrosenboimko@nydailynews.com
Nilson Ahern,6096821227,nahernkp@ustream.tv
Pauline Crockatt,7338006849,pcrockattkq@cnn.com
Esdras Schout,7802306159,eschoutkr@github.io
Silvana Gerding,8949145596,sgerdingks@google.com
Matthew Allsebrook,3270059256,mallsebrookkt@youtu.be
Carla Borthe,6813095730,cbortheku@clickbank.net
Dominik Moulding,9488651105,dmouldingkv@quantcast.com
Jasmina Wallen,6918005162,jwallenkw@webnode.com
Delmar Thurske,7861641937,dthurskekx@imdb.com
Mariana McNysche,0611071231,mmcnyscheky@forbes.com
Cheri Parsisson,3254417453,cparsissonkz@nature.com
Marilee Volkers,8417670378,mvolkersl0@virginia.edu
Terry Burgoine,1302351923,tburgoinel1@tripod.com
Jacklyn Bourgeois,8024092298,jbourgeoisl2@instagram.com
Eartha Standfield,0712766847,estandfieldl3@wikipedia.org
Glori Soane,4686196388,gsoanel4@amazon.co.jp
Amberly Usher,7852289525,ausherl5@usnews.com
Leonora Cloonan,1336728833,lcloonanl6@people.com.cn
Tobi Ferrara,9160332956,tferraral7@blogspot.com
Marj Beau,6701350003,mbeaul8@dmoz.org
Teddie Muccino,9572268678,tmuccinol9@slate.com
Willow Giggie,1826036830,wgiggiela@last.fm
Noe Pavolillo,0668339330,npavolillolb@disqus.com
Shirleen Haspineall,5841534025,shaspinealllc@auda.org.au
Nolie Hewes,6824198110,nhewesld@tuttocitta.it
Jo ann Chene,2355751781,jannle@privacy.gov.au
Wilow McCumesky,8980174950,wmccumeskylf@aboutads.info
Blair Thrustle,1426853645,bthrustlelg@sbwire.com
Neille Blackmoor,1930524587,nblackmoorlh@networkadvertising.org
Keely Hylton,4166812076,khyltonli@independent.co.uk
Holt Hoxey,0009359249,hhoxeylj@sphinn.com
Norina Mc Corley,4346637825,nmclk@meetup.com
Bale Elesander,8077889735,belesanderll@trellian.com
Philippe Rysdale,1750369095,prysdalelm@howstuffworks.com
Ilse Rollings,8862082096,irollingsln@cnn.com
Felipe Allbon,0889078718,fallbonlo@google.cn
Rourke Lishmund,6901328222,rlishmundlp@hugedomains.com
Kristian Sommers,8184906501,ksommerslq@theglobeandmail.com
Deonne Pieper,4655944773,dpieperlr@mashable.com
Trevar Dutson,4276697514,tdutsonls@wix.com
Evangelin Ribeiro,0036095982,eribeirolt@discovery.com
Anthea Barajas,4620498769,abarajaslu@wufoo.com
Katy Garatty,2312646196,kgarattylv@taobao.com
Marnie Gibby,0029511909,mgibbylw@privacy.gov.au
Lindie Hails,6607573436,lhailslx@home.pl
Fremont Hatzar,8052597102,fhatzarly@cafepress.com
Ced Jordine,7384814790,cjordinelz@webs.com
Vale Heugel,7638045408,vheugelm0@drupal.org
Loree Erskine Sandys,8806375482,lerskinem1@skype.com
Blondie Ashmole,6204939238,bashmolem2@hud.gov
Chiarra Arpe,0830174567,carpem3@weibo.com
Had Antonikov,8782595607,hantonikovm4@comcast.net
Ferguson Cotgrave,0602431670,fcotgravem5@craigslist.org
Tobit Ector,3276505908,tectorm6@reverbnation.com
Meryl Nowak,6852894576,mnowakm7@tamu.edu
Caressa Platts,0050193074,cplattsm8@qq.com
Lynsey Willavize,7867446729,lwillavizem9@pinterest.com
Derrick Dinnington,4888828512,ddinningtonma@jalbum.net
Kevan Worshall,2258634504,kworshallmb@google.nl
Evita Euels,5792017263,eeuelsmc@about.com
Ashbey Glossop,7985420568,aglossopmd@elpais.com
Aubry Jarmyn,0304367427,ajarmynme@google.es
Siouxie Donner,9291442089,sdonnermf@addtoany.com
Yoko Puttrell,9808439721,yputtrellmg@foxnews.com
Misty Jiricka,8830828491,mjirickamh@dell.com
Sabra Bodocs,2206045826,sbodocsmi@geocities.jp
Stearne Kimmins,9081259547,skimminsmj@chronoengine.com
Olav Purdon,9087642741,opurdonmk@feedburner.com
Jodi Towler,2557864064,jtowlerml@nbcnews.com
Bennie Ebbins,8434941597,bebbinsmm@mozilla.org
Ronnie Gutierrez,3578473804,rgutierrezmn@abc.net.au
Karna Wormstone,7664687330,kwormstonemo@diigo.com
Sallyann Guerreiro,0092165133,sguerreiromp@cam.ac.uk
Roderigo Tredinnick,5344315902,rtredinnickmq@prnewswire.com
Marci Brotheridge,3985218315,mbrotheridgemr@tumblr.com
Carlota O'Feeney,5742117973,cofeeneyms@chron.com
Rebekah Guppey,1929198256,rguppeymt@yale.edu
Constantine Brownsword,6935616247,cbrownswordmu@bizjournals.com
Guillermo Petrulis,8003512883,gpetrulismv@gizmodo.com
Puff Coulthard,4623892026,pcoulthardmw@fotki.com
Elaina Panting,3045764738,epantingmx@altervista.org
Wyatan Troke,5389267192,wtrokemy@feedburner.com
Sybyl Lucock,1302570625,slucockmz@etsy.com
Elisha Wallbutton,4075433617,ewallbuttonn0@businesswire.com
Dennet Naisbet,6487641332,dnaisbetn1@twitpic.com
Barrie O'Gready,3646782692,bogreadyn2@cbsnews.com
Elspeth Tregea,7398244126,etregean3@fotki.com
Judi Tuke,3647454141,jtuken4@youtu.be
Brunhilda Pyne,0215400666,bpynen5@pinterest.com
Gilles Blazi,7921537316,gblazin6@slashdot.org
Ursa Horley,8208523348,uhorleyn7@typepad.com
Murielle Arnaudi,2349853462,marnaudin8@dion.ne.jp
Elfrieda Widdowfield,5317392683,ewiddowfieldn9@comcast.net
Gabriello Gutherson,9942887385,gguthersonna@statcounter.com
Amabel Hallsworth,6538605818,ahallsworthnb@google.it
Mirelle Mycock,6445332293,mmycocknc@mtv.com
Korrie Bartolijn,7919801265,kbartolijnnd@umn.edu
Dirk Glowinski,3219987257,dglowinskine@lycos.com
Zach Kydde,9380251580,zkyddenf@reuters.com
Kalle Milch,0098369024,kmilchng@technorati.com
Malanie Calbreath,8281065818,mcalbreathnh@google.cn
Millisent Carlesso,5255268119,mcarlessoni@indiatimes.com
Ryon Oguz,2494568978,roguznj@qq.com
Jules Gammie,1985398680,jgammienk@imgur.com
Terrance Readett,6642268881,treadettnl@wufoo.com
Mack Banes,2950589634,mbanesnm@youku.com
Manya Harrill,2027717242,mharrillnn@live.com
Federica Crevy,2782877259,fcrevyno@csmonitor.com
Theressa Palmar,3215063980,tpalmarnp@dailymail.co.uk
Odell Lineker,4481093870,olinekernq@google.ru
Ancell Hoodless,4217650310,ahoodlessnr@twitter.com
Talyah Drinan,5640690674,tdrinanns@oakley.com
Wilow Borland,1245741799,wborlandnt@sina.com.cn
Lisbeth Mixer,1092162917,lmixernu@freewebs.com
Catlin Crutch,9662806016,ccrutchnv@linkedin.com
Gleda Yarwood,5517253822,gyarwoodnw@hud.gov
Cully Blennerhassett,9716014341,cblennerhassettnx@tmall.com
Dara Schrieves,7751995122,dschrievesny@nasa.gov
Bar Tills,1912112256,btillsnz@ifeng.com
Kerri Dewi,3843841934,kdewio0@dion.ne.jp
Franz Wethey,8149842233,fwetheyo1@lycos.com
Rodrigo Timmes,6295204465,rtimmeso2@instagram.com
Ewen Erridge,3893776621,eerridgeo3@hp.com
Ronny Symonds,9946489309,rsymondso4@google.com.br
Idaline Lagden,1475590474,ilagdeno5@parallels.com
Cris Crunkhurn,4485379159,ccrunkhurno6@1688.com
Phyllis Shrawley,4705216482,pshrawleyo7@goo.gl
Lawrence Bye,5102959387,lbyeo8@clickbank.net
Ross Monkley,5399363526,rmonkleyo9@wikipedia.org
Neely Le Pine,5641295841,nleoa@drupal.org
Armstrong Coate,2358912794,acoateob@wufoo.com
Leela Lockhurst,5791739435,llockhurstoc@wsj.com
Woodie Trase,9177954467,wtraseod@facebook.com
Hermy Vallow,6641348474,hvallowoe@ftc.gov
Carie Vearncomb,8225499212,cvearncombof@edublogs.org
Letta Lumbers,0514921536,llumbersog@dell.com
Randee Halleybone,9591313144,rhalleyboneoh@tuttocitta.it
Rheta Paige,0569316383,rpaigeoi@psu.edu
Broderic Stubley,6838980894,bstubleyoj@nsw.gov.au
Kristal Seagar,0800582985,kseagarok@msn.com
Sandra Gooday,5281192108,sgoodayol@ycombinator.com
Corrine Dinsale,2986909744,cdinsaleom@google.ca
Seward Autry,2717542817,sautryon@discuz.net
Carina Cotta,1539938417,ccottaoo@wordpress.com
Norbert Tubb,7338189048,ntubbop@answers.com
Garrick Devereu,5469345297,gdevereuoq@addtoany.com
Ansell Schleicher,4694739468,aschleicheror@google.co.uk
Vaclav Marchetti,5347542241,vmarchettios@archive.org
Sylas Ludee,8077305245,sludeeot@networkadvertising.org
Ingeborg Rounding,9616227130,iroundingou@squarespace.com
Humfrey Gregh,3100972791,hgreghov@si.edu
Dawna Ascraft,8784674229,dascraftow@apple.com
Morganica Mullan,3338006500,mmullanox@biblegateway.com
Kirsten Upstone,8765171527,kupstoneoy@sphinn.com
Roderic Morston,9365505909,rmorstonoz@ask.com
Rriocard McGaughay,4151838252,rmcgaughayp0@domainmarket.com
Scot Lowcock,4285550431,slowcockp1@macromedia.com
Olag Lownds,2910779289,olowndsp2@blogtalkradio.com
Jeremie Killiner,3002007102,jkillinerp3@gnu.org
Trip Vedstra,3431398006,tvedstrap4@yelp.com
Gabriela Best,7319449900,gbestp5@businesswire.com
Terrence Bladesmith,8064287944,tbladesmithp6@i2i.jp
Marthe Rouf,9907655295,mroufp7@sphinn.com
Fields Larroway,7844218444,flarrowayp8@yellowbook.com
Kylynn Breadmore,5640694386,kbreadmorep9@disqus.com
Mickey Jarmaine,1010023985,mjarmainepa@deviantart.com
Honoria Baccup,8832733498,hbaccuppb@dedecms.com
Colas Lillistone,1012246833,clillistonepc@deviantart.com
Hastie Coat,8784858362,hcoatpd@google.co.jp
Sophia Perse,3134763818,spersepe@gnu.org
Sue Cason,0214580938,scasonpf@cocolog-nifty.com
Frans Nottram,5204242112,fnottrampg@cyberchimps.com
Twila Lendon,7996162832,tlendonph@businessinsider.com
Waylan McCrainor,3118147601,wmccrainorpi@apache.org
Raddie Spieck,5840156531,rspieckpj@youtu.be
Mart Chevalier,7142096926,mchevalierpk@reverbnation.com
Vanny Di Francecshi,0106304356,vdipl@intel.com
Dannye Blandamere,3255125839,dblandamerepm@webs.com
Farand MacCarroll,1661586732,fmaccarrollpn@vkontakte.ru
Kennie Guice,5120318460,kguicepo@ycombinator.com
Gianni Wanderschek,8175362146,gwanderschekpp@about.com
Dwayne Pechold,6041323349,dpecholdpq@example.com
Zaneta Zmitrovich,0079258689,zzmitrovichpr@vistaprint.com
Dominique Blackburn,2911963059,dblackburnps@youtube.com
Dorice McCreary,8682114275,dmccrearypt@engadget.com
Dolley Van De Cappelle,7832554665,dvanpu@marketwatch.com
Kimberly Pilsbury,2224833059,kpilsburypv@examiner.com
Justinian Weatherill,1358376859,jweatherillpw@vistaprint.com
Cart Peotz,0801981654,cpeotzpx@nih.gov
Bobbe Margett,8481252999,bmargettpy@dion.ne.jp
Valenka Morant,2904551514,vmorantpz@qq.com
Sterne Tacon,8654390182,staconq0@huffingtonpost.com
Isabel Moughton,0694143146,imoughtonq1@oracle.com
Carleen Leschelle,5867688577,cleschelleq2@vk.com
Reagen Rubinsohn,1962809404,rrubinsohnq3@answers.com
Monica Laughlan,1888731125,mlaughlanq4@booking.com
Kayley Demann,2649074965,kdemannq5@qq.com
Bethina Wimlet,8727873803,bwimletq6@sakura.ne.jp
Jonathon McKinna,3123992438,jmckinnaq7@parallels.com
Essy Dransfield,2296730930,edransfieldq8@google.ru
Ki Giovanardi,8047197649,kgiovanardiq9@smugmug.com
Ruprecht Todari,0744060419,rtodariqa@unc.edu
Gaby Empleton,0203425510,gempletonqb@dropbox.com
Lexi Proffer,2902264488,lprofferqc@dedecms.com
Coralie Goby,5192640334,cgobyqd@ihg.com
Aime Pennycock,1691926582,apennycockqe@cloudflare.com
Waylen Malter,6456471834,wmalterqf@baidu.com
Heriberto Jeffs,9742938180,hjeffsqg@nifty.com
Edsel Ramsbotham,9810976771,eramsbothamqh@creativecommons.org
Samuel Serrels,9952176112,sserrelsqi@about.com
Peterus Yeo,3374562140,pyeoqj@friendfeed.com
Margeaux Kenworthy,6122171654,mkenworthyqk@shutterfly.com
Jasmina Dudney,0240622464,jdudneyql@domainmarket.com
Austin Mertin,9924739159,amertinqm@wikipedia.org
Burtie Basili,6138268253,bbasiliqn@hao123.com
Lishe Doe,6071590027,ldoeqo@disqus.com
Chip Bailiss,6167707731,cbailissqp@parallels.com
Brandea M'cowis,0155346113,bmcowisqq@mail.ru
Cherilyn Kinvan,5836244480,ckinvanqr@msn.com
Massimo Meek,9189425103,mmeekqs@mapquest.com
Trstram McAuliffe,1720657386,tmcauliffeqt@angelfire.com
Worth Casiero,4985591009,wcasieroqu@amazonaws.com
Katinka Shivlin,3067473701,kshivlinqv@people.com.cn
Tybalt Tooby,2957602873,ttoobyqw@tripod.com
Wileen Attard,3383879615,wattardqx@bloglovin.com
Gracie Chillingworth,8669623455,gchillingworthqy@cnet.com
Bailie Kubczak,3462584278,bkubczakqz@ucla.edu
Randell Benck,0974418811,rbenckr0@statcounter.com
Etheline Ference,5304226372,eferencer1@sogou.com
Haslett Storrock,3663052729,hstorrockr2@imdb.com
Katrine Prime,3205259742,kprimer3@eepurl.com
Levi Etheridge,3414730200,letheridger4@parallels.com
Indira Gorey,8838650594,igoreyr5@webnode.com
Kareem Billion,8191288435,kbillionr6@blogger.com
Danya Liddard,1631227726,dliddardr7@edublogs.org
Alfie Simester,3575555796,asimesterr8@ask.com
Fremont Purse,8568321968,fpurser9@amazonaws.com
Immanuel Warham,2850035130,iwarhamra@soup.io
Paige Le Frank,0091780519,plerb@reverbnation.com
Karia Lettice,9809961596,kletticerc@quantcast.com
Carree Throughton,0567873838,cthroughtonrd@columbia.edu
Salomon McGahy,4968532180,smcgahyre@sogou.com
Cleavland Traylen,3334255387,ctraylenrf@google.com.hk
Bonnee Logg,1006668829,bloggrg@yellowbook.com
Bondy Dawnay,0258615699,bdawnayrh@earthlink.net
Dorry Callear,2994767775,dcallearri@webeden.co.uk
Rollie Perdue,6602314106,rperduerj@i2i.jp
Melisandra Lambotin,2809024545,mlambotinrk@weather.com
Jasen Sanper,8424867629,jsanperrl@eventbrite.com
Tana McGookin,8517749251,tmcgookinrm@msn.com
Doria Jorg,8538584421,djorgrn@about.me
Valentin Tunsley,0520136675,vtunsleyro@scribd.com
Ali Grew,2646214634,agrewrp@live.com
Jessey Kilmary,8962694387,jkilmaryrq@cafepress.com
Ellissa Chanson,0256094918,echansonrr@seesaa.net
